Max_Rape,Kidnapping,STATES,year,DISTRICT
50,30,"ANDHRA PRADESH",2001,ADILABAD
23,30,"ANDHRA PRADESH",2001,ANANTAPUR
27,34,"ANDHRA PRADESH",2001,CHITTOOR
20,20,"ANDHRA PRADESH",2001,CUDDAPAH
23,26,"ANDHRA PRADESH",2001,"EAST GODAVARI"
0,0,"ANDHRA PRADESH",2001,"GUNTAKAL RLY."
54,51,"ANDHRA PRADESH",2001,GUNTUR
37,39,"ANDHRA PRADESH",2001,"HYDERABAD CITY"
56,49,"ANDHRA PRADESH",2001,KARIMNAGAR
47,30,"ANDHRA PRADESH",2001,KHAMMAM
37,21,"ANDHRA PRADESH",2001,KRISHNA
29,47,"ANDHRA PRADESH",2001,KURNOOL
59,27,"ANDHRA PRADESH",2001,MAHABOOBNAGAR
35,20,"ANDHRA PRADESH",2001,MEDAK
35,19,"ANDHRA PRADESH",2001,NALGONDA
46,80,"ANDHRA PRADESH",2001,NELLORE
21,21,"ANDHRA PRADESH",2001,NIZAMABAD
19,12,"ANDHRA PRADESH",2001,PRAKASHAM
72,83,"ANDHRA PRADESH",2001,"RANGA REDDY"
0,0,"ANDHRA PRADESH",2001,"SECUNDERABAD RLY."
8,12,"ANDHRA PRADESH",2001,SRIKAKULAM
25,48,"ANDHRA PRADESH",2001,VIJAYAWADA
1,0,"ANDHRA PRADESH",2001,"VIJAYAWADA RLY."
12,12,"ANDHRA PRADESH",2001,"VISAKHA RURAL"
13,6,"ANDHRA PRADESH",2001,VISAKHAPATNAM
8,2,"ANDHRA PRADESH",2001,VIZIANAGARAM
53,25,"ANDHRA PRADESH",2001,WARANGAL
61,21,"ANDHRA PRADESH",2001,"WEST GODAVARI"
871,765,"ANDHRA PRADESH",2001,TOTAL
1,2,"ARUNACHAL PRADESH",2001,CHANGLANG
2,4,"ARUNACHAL PRADESH",2001,"DIBANG VALLEY"
2,5,"ARUNACHAL PRADESH",2001,"KAMENG EAST"
0,2,"ARUNACHAL PRADESH",2001,"KAMENG WEST"
2,6,"ARUNACHAL PRADESH",2001,LOHIT
9,5,"ARUNACHAL PRADESH",2001,"PAPUM PARE"
5,7,"ARUNACHAL PRADESH",2001,"SIANG EAST"
2,5,"ARUNACHAL PRADESH",2001,"SIANG UPPER"
4,10,"ARUNACHAL PRADESH",2001,"SIANG WEST"
2,5,"ARUNACHAL PRADESH",2001,"SUBANSIRI LOWER"
2,1,"ARUNACHAL PRADESH",2001,"SUBANSIRI UPPER"
1,0,"ARUNACHAL PRADESH",2001,TAWANG
1,3,"ARUNACHAL PRADESH",2001,TIRAP
33,55,"ARUNACHAL PRADESH",2001,TOTAL
28,88,ASSAM,2001,BARPETA
20,21,ASSAM,2001,BONGAIGAON
0,0,ASSAM,2001,C.I.D.
45,74,ASSAM,2001,CACHAR
48,47,ASSAM,2001,DARRANG
42,20,ASSAM,2001,DHEMAJI
43,51,ASSAM,2001,DHUBRI
35,37,ASSAM,2001,DIBRUGARH
1,0,ASSAM,2001,G.R.P.
35,35,ASSAM,2001,GOALPARA
30,40,ASSAM,2001,GOLAGHAT
37,64,ASSAM,2001,"GUWAHATI CITY"
24,34,ASSAM,2001,HAILAKANDI
42,28,ASSAM,2001,JORHAT
21,65,ASSAM,2001,KAMRUP
5,15,ASSAM,2001,"KARBI ANGLONG"
33,8,ASSAM,2001,KARIMGANJ
14,12,ASSAM,2001,KOKRAJHAR
64,62,ASSAM,2001,LAKHIMPUR
23,37,ASSAM,2001,MORIGAON
2,4,ASSAM,2001,N.C.HILLS
51,109,ASSAM,2001,NAGAON
30,27,ASSAM,2001,NALBARI
3,0,ASSAM,2001,R.P.O.
47,64,ASSAM,2001,SIBSAGAR
53,80,ASSAM,2001,SONITPUR
41,48,ASSAM,2001,TINSUKIA
817,1070,ASSAM,2001,TOTAL
93,13,BIHAR,2001,ARARIA
0,0,BIHAR,2001,ARWAL
16,4,BIHAR,2001,AURANGABAD
25,6,BIHAR,2001,BAGAHA
34,10,BIHAR,2001,BANKA
13,7,BIHAR,2001,BEGUSARAI
20,23,BIHAR,2001,BETTIAH
10,12,BIHAR,2001,BHABHUA
35,9,BIHAR,2001,BHAGALPUR
22,13,BIHAR,2001,BHOJPUR
8,1,BIHAR,2001,BUXAR
19,16,BIHAR,2001,DARBHANGA
25,15,BIHAR,2001,GAYA
13,18,BIHAR,2001,GOPALGANJ
1,0,BIHAR,2001,"JAMALPUR RLY."
10,1,BIHAR,2001,JAMUI
6,5,BIHAR,2001,JEHANABAD
51,20,BIHAR,2001,KATIHAR
0,1,BIHAR,2001,"KATIHAR RLY."
5,6,BIHAR,2001,KHAGARIA
22,16,BIHAR,2001,KISHANGANJ
10,7,BIHAR,2001,LAKHISARAI
11,15,BIHAR,2001,MADHEPURA
13,11,BIHAR,2001,MADHUBANI
44,35,BIHAR,2001,MOTIHARI
11,15,BIHAR,2001,MUNGER
73,25,BIHAR,2001,MUZAFFARPUR
2,1,BIHAR,2001,"MUZAFFARPUR RLY."
40,12,BIHAR,2001,NALANDA
7,9,BIHAR,2001,NAUGACHIA
15,1,BIHAR,2001,NAWADAH
27,11,BIHAR,2001,PATNA
1,1,BIHAR,2001,"PATNA RLY."
39,23,BIHAR,2001,PURNEA
25,18,BIHAR,2001,ROHTAS
12,10,BIHAR,2001,SAHARSA
19,29,BIHAR,2001,SAMASTIPUR
20,15,BIHAR,2001,SARAN
3,1,BIHAR,2001,SHEIKHPURA
11,7,BIHAR,2001,SHEOHAR
23,20,BIHAR,2001,SITAMARHI
4,26,BIHAR,2001,SIWAN
30,2,BIHAR,2001,SUPAUL
20,28,BIHAR,2001,VAISHALI
888,518,BIHAR,2001,TOTAL
17,1,CHHATTISGARH,2001,BALRAMPUR
69,20,CHHATTISGARH,2001,BILASPUR
4,0,CHHATTISGARH,2001,BIZAPUR
19,8,CHHATTISGARH,2001,DANTEWARA
22,4,CHHATTISGARH,2001,DHAMTARI
144,42,CHHATTISGARH,2001,DURG
0,0,CHHATTISGARH,2001,"GRP RAIPUR"
59,4,CHHATTISGARH,2001,JAGDALPUR
29,6,CHHATTISGARH,2001,JANJGIR
36,2,CHHATTISGARH,2001,JASHPUR
42,4,CHHATTISGARH,2001,KANKER
35,0,CHHATTISGARH,2001,KAWARDHA
46,13,CHHATTISGARH,2001,KORBA
34,7,CHHATTISGARH,2001,KORIYA
43,7,CHHATTISGARH,2001,MAHASAMUND
53,6,CHHATTISGARH,2001,RAIGARH
104,28,CHHATTISGARH,2001,RAIPUR
58,3,CHHATTISGARH,2001,RAJNANDGAON
145,16,CHHATTISGARH,2001,SARGUJA
959,171,CHHATTISGARH,2001,TOTAL
4,1,GOA,2001,"NORTH GOA"
8,5,GOA,2001,"SOUTH GOA"
12,6,GOA,2001,TOTAL
39,117,GUJARAT,2001,"AHMEDABAD COMMR."
5,27,GUJARAT,2001,"AHMEDABAD RURAL"
1,1,GUJARAT,2001,AHWA-DANG
2,34,GUJARAT,2001,AMRELI
3,28,GUJARAT,2001,ANAND
4,34,GUJARAT,2001,BHARUCH
9,51,GUJARAT,2001,BHAVNAGAR
5,15,GUJARAT,2001,DAHOD
4,12,GUJARAT,2001,GANDHINAGAR
17,29,GUJARAT,2001,HIMATNAGAR
20,22,GUJARAT,2001,JAMNAGAR
14,39,GUJARAT,2001,JUNAGADH
11,30,GUJARAT,2001,"KHEDA NORTH"
2,22,GUJARAT,2001,KUTCH
4,49,GUJARAT,2001,MEHSANA
8,8,GUJARAT,2001,NARMADA
2,5,GUJARAT,2001,NAVSARI
18,35,GUJARAT,2001,PALANPUR
5,46,GUJARAT,2001,PANCHMAHAL
3,21,GUJARAT,2001,PATAN
6,5,GUJARAT,2001,PORBANDAR
5,38,GUJARAT,2001,"RAJKOT COMMR."
20,35,GUJARAT,2001,"RAJKOT RURAL"
11,37,GUJARAT,2001,"SURAT COMMR."
26,16,GUJARAT,2001,"SURAT RURAL"
11,24,GUJARAT,2001,SURENDRANAGAR
3,32,GUJARAT,2001,"VADODARA COMMR."
18,34,GUJARAT,2001,"VADODARA RURAL"
9,11,GUJARAT,2001,VALSAD
1,0,GUJARAT,2001,W.RLY
286,857,GUJARAT,2001,TOTAL
11,32,HARYANA,2001,AMBALA
10,7,HARYANA,2001,BHIWANI
37,53,HARYANA,2001,FARIDABAD
17,13,HARYANA,2001,FATEHABAD
0,2,HARYANA,2001,GRP
32,32,HARYANA,2001,GURGAON
10,18,HARYANA,2001,HISSAR
21,8,HARYANA,2001,JHAJJAR
21,8,HARYANA,2001,JIND
16,8,HARYANA,2001,KAITHAL
44,10,HARYANA,2001,KARNAL
31,14,HARYANA,2001,KURUKSHETRA
11,8,HARYANA,2001,MAHENDRAGARH
6,15,HARYANA,2001,PANCHKULA
38,10,HARYANA,2001,PANIPAT
11,11,HARYANA,2001,REWARI
28,6,HARYANA,2001,ROHTAK
17,7,HARYANA,2001,SIRSA
15,12,HARYANA,2001,SONIPAT
22,23,HARYANA,2001,YAMUNANAGAR
398,297,HARYANA,2001,TOTAL
5,9,"HIMACHAL PRADESH",2001,BILASPUR
12,15,"HIMACHAL PRADESH",2001,CHAMBA
0,0,"HIMACHAL PRADESH",2001,G.R.P.
3,3,"HIMACHAL PRADESH",2001,HAMIRPUR
18,21,"HIMACHAL PRADESH",2001,KANGRA
6,3,"HIMACHAL PRADESH",2001,KINNAUR
13,6,"HIMACHAL PRADESH",2001,KULLU
2,1,"HIMACHAL PRADESH",2001,LAHAUL-SPITI
16,10,"HIMACHAL PRADESH",2001,MANDI
18,11,"HIMACHAL PRADESH",2001,SHIMLA
10,11,"HIMACHAL PRADESH",2001,SIRMAUR
12,10,"HIMACHAL PRADESH",2001,SOLAN
9,5,"HIMACHAL PRADESH",2001,UNA
124,105,"HIMACHAL PRADESH",2001,TOTAL
6,36,"JAMMU & KASHMIR",2001,ANANTNAG
1,13,"JAMMU & KASHMIR",2001,AWANTIPORA
28,59,"JAMMU & KASHMIR",2001,BARAMULLA
12,10,"JAMMU & KASHMIR",2001,BORDER
7,34,"JAMMU & KASHMIR",2001,BUDGAM
0,0,"JAMMU & KASHMIR",2001,"CRIME JAMMU"
0,0,"JAMMU & KASHMIR",2001,"CRIME SRINAGAR"
7,15,"JAMMU & KASHMIR",2001,DODA
5,31,"JAMMU & KASHMIR",2001,GANDERBAL
13,43,"JAMMU & KASHMIR",2001,JAMMU
0,1,"JAMMU & KASHMIR",2001,KARGIL
13,10,"JAMMU & KASHMIR",2001,KATHUA
6,31,"JAMMU & KASHMIR",2001,KULGAM
6,29,"JAMMU & KASHMIR",2001,KUPWARA
0,1,"JAMMU & KASHMIR",2001,LEH
13,10,"JAMMU & KASHMIR",2001,POONCH
7,33,"JAMMU & KASHMIR",2001,PULWAMA
0,0,"JAMMU & KASHMIR",2001,RAILWAYS
17,20,"JAMMU & KASHMIR",2001,RAJOURI
3,3,"JAMMU & KASHMIR",2001,RAMBAN
7,9,"JAMMU & KASHMIR",2001,REASI
8,102,"JAMMU & KASHMIR",2001,SRINAGAR
10,14,"JAMMU & KASHMIR",2001,UDHAMPUR
169,504,"JAMMU & KASHMIR",2001,TOTAL
26,32,JHARKHAND,2001,BOKARO
32,10,JHARKHAND,2001,CHAIBASA
6,3,JHARKHAND,2001,CHATRA
22,0,JHARKHAND,2001,DEOGHAR
32,45,JHARKHAND,2001,DHANBAD
2,0,JHARKHAND,2001,"DHANBAD RLY."
27,0,JHARKHAND,2001,DUMKA
11,2,JHARKHAND,2001,GARHWA
42,10,JHARKHAND,2001,GIRIDIH
37,26,JHARKHAND,2001,GODDA
29,11,JHARKHAND,2001,GUMLA
41,31,JHARKHAND,2001,HAZARIBAGH
50,51,JHARKHAND,2001,JAMSHEDPUR
1,0,JHARKHAND,2001,"JAMSHEDPUR RLY."
18,11,JHARKHAND,2001,JAMTARA
2,2,JHARKHAND,2001,KODERMA
12,2,JHARKHAND,2001,LATEHAR
12,8,JHARKHAND,2001,LOHARDAGGA
23,0,JHARKHAND,2001,PAKUR
15,2,JHARKHAND,2001,PALAMU
73,1,JHARKHAND,2001,RANCHI
20,5,JHARKHAND,2001,SAHEBGANJ
17,15,JHARKHAND,2001,SARAIKELA
17,12,JHARKHAND,2001,SIMDEGA
567,279,JHARKHAND,2001,TOTAL
2,7,KARNATAKA,2001,BAGALKOT
40,56,KARNATAKA,2001,"BANGALORE COMMR."
13,10,KARNATAKA,2001,"BANGALORE RURAL"
8,12,KARNATAKA,2001,BELGAUM
16,11,KARNATAKA,2001,BELLARY
7,10,KARNATAKA,2001,BIDAR
6,19,KARNATAKA,2001,BIJAPUR
4,5,KARNATAKA,2001,CHAMARAJNAGAR
8,7,KARNATAKA,2001,CHICKMAGALUR
18,0,KARNATAKA,2001,CHITRADURGA
3,6,KARNATAKA,2001,"DAKSHIN KANNADA"
22,13,KARNATAKA,2001,DAVANAGERE
4,4,KARNATAKA,2001,"DHARWAD COMMR."
3,2,KARNATAKA,2001,"DHARWAD RURAL"
2,2,KARNATAKA,2001,GADAG
20,21,KARNATAKA,2001,GULBARGA
20,0,KARNATAKA,2001,HASSAN
3,11,KARNATAKA,2001,HAVERI
1,7,KARNATAKA,2001,K.G.F.
4,4,KARNATAKA,2001,KODAGU
17,18,KARNATAKA,2001,KOLAR
6,12,KARNATAKA,2001,KOPPAL
15,1,KARNATAKA,2001,MANDYA
2,7,KARNATAKA,2001,"MYSORE COMMR."
12,4,KARNATAKA,2001,"MYSORE RURAL"
12,5,KARNATAKA,2001,RAICHUR
1,0,KARNATAKA,2001,RAILWAYS
12,10,KARNATAKA,2001,SHIMOGA
6,4,KARNATAKA,2001,TUMKUR
2,0,KARNATAKA,2001,UDUPI
4,3,KARNATAKA,2001,"UTTAR KANNADA"
293,271,KARNATAKA,2001,TOTAL
21,6,KERALA,2001,ALAPUZHA
2,0,KERALA,2001,CBCID
38,7,KERALA,2001,ERNAKULAM
34,0,KERALA,2001,IDUKKI
42,7,KERALA,2001,KANNUR
28,1,KERALA,2001,KASARGOD
55,9,KERALA,2001,KOLLAM
22,12,KERALA,2001,KOTTAYAM
39,10,KERALA,2001,KOZHIKODE
71,4,KERALA,2001,MALAPPURAM
63,10,KERALA,2001,PALAKKAD
12,0,KERALA,2001,PATHANAMTHITTA
1,0,KERALA,2001,RAILWAYS
42,9,KERALA,2001,THRISSUR
57,21,KERALA,2001,TRIVANDRUM
35,1,KERALA,2001,WAYANADU
562,97,KERALA,2001,TOTAL
87,11,"MADHYA PRADESH",2001,BALAGHAT
34,2,"MADHYA PRADESH",2001,BARWANI
95,16,"MADHYA PRADESH",2001,BETUL
31,20,"MADHYA PRADESH",2001,BHIND
106,48,"MADHYA PRADESH",2001,BHOPAL
1,2,"MADHYA PRADESH",2001,"BHOPAL RLY."
65,23,"MADHYA PRADESH",2001,CHHATARPUR
93,16,"MADHYA PRADESH",2001,CHHINDWARA
66,10,"MADHYA PRADESH",2001,DAMOH
12,8,"MADHYA PRADESH",2001,DATIYA
78,11,"MADHYA PRADESH",2001,DEWAS
68,18,"MADHYA PRADESH",2001,DHAR
20,2,"MADHYA PRADESH",2001,DINDORI
124,15,"MADHYA PRADESH",2001,GUNA
59,22,"MADHYA PRADESH",2001,GWALIOR
28,2,"MADHYA PRADESH",2001,HARDA
65,13,"MADHYA PRADESH",2001,HOSHANGABAD
84,35,"MADHYA PRADESH",2001,INDORE
2,0,"MADHYA PRADESH",2001,"INDORE RLY."
108,20,"MADHYA PRADESH",2001,JABALPUR
0,0,"MADHYA PRADESH",2001,"JABALPUR RLY."
44,80,"MADHYA PRADESH",2001,JHABUA
25,3,"MADHYA PRADESH",2001,KATNI
63,12,"MADHYA PRADESH",2001,KHANDWA
47,14,"MADHYA PRADESH",2001,KHARGON
64,9,"MADHYA PRADESH",2001,MANDLA
41,8,"MADHYA PRADESH",2001,MANDSAUR
35,18,"MADHYA PRADESH",2001,MORENA
70,4,"MADHYA PRADESH",2001,NARSINGHPUR
37,7,"MADHYA PRADESH",2001,NEEMUCH
44,10,"MADHYA PRADESH",2001,PANNA
79,9,"MADHYA PRADESH",2001,RAISEN
95,9,"MADHYA PRADESH",2001,RAJGARH
70,13,"MADHYA PRADESH",2001,RATLAM
31,18,"MADHYA PRADESH",2001,REWA
141,16,"MADHYA PRADESH",2001,SAGAR
58,5,"MADHYA PRADESH",2001,SATNA
52,2,"MADHYA PRADESH",2001,SEONI
63,13,"MADHYA PRADESH",2001,SHAHDOL
90,8,"MADHYA PRADESH",2001,SHAJAPUR
21,3,"MADHYA PRADESH",2001,SHEOPUR
72,11,"MADHYA PRADESH",2001,SHIVPURI
42,30,"MADHYA PRADESH",2001,SIDHI
59,27,"MADHYA PRADESH",2001,SIHORE
86,4,"MADHYA PRADESH",2001,TIKAMGARH
59,33,"MADHYA PRADESH",2001,UJJAIN
25,2,"MADHYA PRADESH",2001,UMARIYA
112,6,"MADHYA PRADESH",2001,VIDISHA
2851,668,"MADHYA PRADESH",2001,TOTAL
44,25,MAHARASHTRA,2001,AHMEDNAGAR
15,14,MAHARASHTRA,2001,AKOLA
23,23,MAHARASHTRA,2001,"AMRAVATI COMMR."
42,25,MAHARASHTRA,2001,"AMRAVATI RURAL"
14,14,MAHARASHTRA,2001,"AURANGABAD COMMR."
28,6,MAHARASHTRA,2001,"AURANGABAD RURAL"
22,15,MAHARASHTRA,2001,BEED
39,1,MAHARASHTRA,2001,BHANDARA
22,18,MAHARASHTRA,2001,BULDHANA
43,7,MAHARASHTRA,2001,CHANDRAPUR
16,6,MAHARASHTRA,2001,DHULE
27,6,MAHARASHTRA,2001,GADCHIROLI
23,17,MAHARASHTRA,2001,GONDIA
20,8,MAHARASHTRA,2001,HINGOLI
19,12,MAHARASHTRA,2001,JALGAON
16,8,MAHARASHTRA,2001,JALNA
26,13,MAHARASHTRA,2001,KOLHAPUR
7,22,MAHARASHTRA,2001,LATUR
127,12,MAHARASHTRA,2001,MUMBAI
2,0,MAHARASHTRA,2001,"MUMBAI RLY."
39,51,MAHARASHTRA,2001,"NAGPUR COMMR."
2,0,MAHARASHTRA,2001,"NAGPUR RLY."
81,16,MAHARASHTRA,2001,"NAGPUR RURAL"
23,36,MAHARASHTRA,2001,NANDED
16,6,MAHARASHTRA,2001,NANDURBAR
9,9,MAHARASHTRA,2001,"NASIK COMMR."
39,10,MAHARASHTRA,2001,"NASIK RURAL"
17,7,MAHARASHTRA,2001,"NAVI MUMBAI"
16,7,MAHARASHTRA,2001,OSMANABAD
25,16,MAHARASHTRA,2001,PARBHANI
56,28,MAHARASHTRA,2001,"PUNE COMMR."
0,0,MAHARASHTRA,2001,"PUNE RLY."
42,17,MAHARASHTRA,2001,"PUNE RURAL"
20,1,MAHARASHTRA,2001,RAIGAD
10,4,MAHARASHTRA,2001,RATNAGIRI
32,8,MAHARASHTRA,2001,SANGLI
32,7,MAHARASHTRA,2001,SATARA
7,2,MAHARASHTRA,2001,SINDHUDURG
16,11,MAHARASHTRA,2001,"SOLAPUR COMMR."
35,14,MAHARASHTRA,2001,"SOLAPUR RURAL"
39,37,MAHARASHTRA,2001,"THANE COMMR."
65,16,MAHARASHTRA,2001,"THANE RURAL"
35,12,MAHARASHTRA,2001,WARDHA
15,13,MAHARASHTRA,2001,WASHIM
56,31,MAHARASHTRA,2001,YAVATMAL
1302,611,MAHARASHTRA,2001,TOTAL
1,3,MANIPUR,2001,BISHNUPUR
0,1,MANIPUR,2001,CHANDEL
1,0,MANIPUR,2001,CHURACHANDPUR
7,6,MANIPUR,2001,IMPHAL(EAST)
7,37,MANIPUR,2001,IMPHAL(WEST)
0,0,MANIPUR,2001,SENAPATI
0,0,MANIPUR,2001,TAMENGLONG
4,14,MANIPUR,2001,THOUBAL
0,1,MANIPUR,2001,UKHRUL
20,62,MANIPUR,2001,TOTAL
2,0,MEGHALAYA,2001,"GARO HILLS EAST"
1,0,MEGHALAYA,2001,"GARO HILLS SOUTH"
5,0,MEGHALAYA,2001,"GARO HILLS WEST"
7,4,MEGHALAYA,2001,"JAINTIA HILLS"
5,5,MEGHALAYA,2001,"KHASI HILLS EAST"
4,0,MEGHALAYA,2001,"KHASI HILLS WEST"
2,2,MEGHALAYA,2001,RI-BHOI
26,11,MEGHALAYA,2001,TOTAL
26,0,MIZORAM,2001,AIZAWL
7,0,MIZORAM,2001,CHAMPHAI
6,0,MIZORAM,2001,KOLASIB
2,0,MIZORAM,2001,LAWNGTLAI
3,0,MIZORAM,2001,LUNGLEI
0,0,MIZORAM,2001,MAMIT
3,0,MIZORAM,2001,SAIHA
5,1,MIZORAM,2001,SERCHHIP
52,1,MIZORAM,2001,TOTAL
4,4,NAGALAND,2001,DIMAPUR
0,0,NAGALAND,2001,KIPHIRE
6,0,NAGALAND,2001,KOHIMA
1,0,NAGALAND,2001,MOKOKCHUNG
2,2,NAGALAND,2001,MON
0,0,NAGALAND,2001,PEREN
1,0,NAGALAND,2001,PHEK
0,0,NAGALAND,2001,TUENSANG
1,0,NAGALAND,2001,WOKHA
2,0,NAGALAND,2001,ZUNHEBOTO
17,6,NAGALAND,2001,TOTAL
33,5,ODISHA,2001,ANGUL
58,32,ODISHA,2001,BALASORE
19,8,ODISHA,2001,BARAGARH
10,10,ODISHA,2001,BERHAMPUR
35,18,ODISHA,2001,BHADRAK
19,16,ODISHA,2001,BOLANGIR
6,5,ODISHA,2001,BOUDH
34,33,ODISHA,2001,CUTTACK
8,4,ODISHA,2001,DEOGARH
15,7,ODISHA,2001,DHENKANAL
10,3,ODISHA,2001,GAJAPATI
22,10,ODISHA,2001,GANJAM
12,16,ODISHA,2001,JAGATSINGHPUR
24,14,ODISHA,2001,JAJPUR
12,5,ODISHA,2001,JHARSUGUDA
30,17,ODISHA,2001,KALAHANDI
34,25,ODISHA,2001,KANDHAMAL
11,15,ODISHA,2001,KENDRAPARA
38,19,ODISHA,2001,KEONJHAR
65,32,ODISHA,2001,KHURDA
38,13,ODISHA,2001,KORAPUT
14,5,ODISHA,2001,MALKANGIR
77,31,ODISHA,2001,MAYURBHANJ
17,18,ODISHA,2001,NAYAGARH
13,3,ODISHA,2001,NOWRANGPUR
9,2,ODISHA,2001,NUAPADA
41,24,ODISHA,2001,PURI
9,0,ODISHA,2001,RAYAGADA
12,6,ODISHA,2001,ROURKELA
18,9,ODISHA,2001,SAMBALPUR
8,4,ODISHA,2001,SONEPUR
1,3,ODISHA,2001,SRP(CUTTACK)
2,3,ODISHA,2001,SRP(ROURKELA)
36,19,ODISHA,2001,SUNDARGARH
790,434,ODISHA,2001,TOTAL
9,26,PUNJAB,2001,AMRITSAR
12,13,PUNJAB,2001,BARNALA
8,4,PUNJAB,2001,BATALA
13,9,PUNJAB,2001,BHATINDA
6,7,PUNJAB,2001,FARIDKOT
11,6,PUNJAB,2001,"FATEHGARH SAHIB"
22,7,PUNJAB,2001,FEROZEPUR
0,0,PUNJAB,2001,G.R.P
12,14,PUNJAB,2001,GURDASPUR
19,13,PUNJAB,2001,HOSHIARPUR
19,11,PUNJAB,2001,JAGRAON
21,49,PUNJAB,2001,JALANDHAR
8,9,PUNJAB,2001,KAPURTHALA
6,1,PUNJAB,2001,KHANNA
38,46,PUNJAB,2001,LUDHIANA
9,6,PUNJAB,2001,MAJITHA
6,4,PUNJAB,2001,MANSA
11,9,PUNJAB,2001,MOGA
3,2,PUNJAB,2001,MUKTSAR
11,8,PUNJAB,2001,"NAWAN SHAHR"
23,46,PUNJAB,2001,PATIALA
6,6,PUNJAB,2001,ROPAR
15,18,PUNJAB,2001,SANGRUR
10,10,PUNJAB,2001,"TARN TARAN"
298,324,PUNJAB,2001,TOTAL
16,125,RAJASTHAN,2001,AJMER
34,87,RAJASTHAN,2001,ALWAR
90,59,RAJASTHAN,2001,BANSWARA
81,94,RAJASTHAN,2001,BARAN
13,14,RAJASTHAN,2001,BARMER
48,103,RAJASTHAN,2001,BHARATPUR
42,223,RAJASTHAN,2001,BHILWARA
35,34,RAJASTHAN,2001,BIKANER
36,103,RAJASTHAN,2001,BUNDI
67,169,RAJASTHAN,2001,CHITTORGARH
24,14,RAJASTHAN,2001,CHURU
9,26,RAJASTHAN,2001,DAUSA
24,33,RAJASTHAN,2001,DHOLPUR
17,50,RAJASTHAN,2001,DUNGARPUR
1,4,RAJASTHAN,2001,G.R.P.
55,65,RAJASTHAN,2001,GANGANAGAR
35,22,RAJASTHAN,2001,HANUMANGARH
61,203,RAJASTHAN,2001,JAIPUR
2,7,RAJASTHAN,2001,JAISALMER
10,20,RAJASTHAN,2001,JALORE
65,57,RAJASTHAN,2001,JHALAWAR
19,25,RAJASTHAN,2001,JHUNJHUNU
20,53,RAJASTHAN,2001,JODHPUR
21,50,RAJASTHAN,2001,KARAULI
50,116,RAJASTHAN,2001,KOTA
22,34,RAJASTHAN,2001,NAGAUR
25,61,RAJASTHAN,2001,PALI
13,63,RAJASTHAN,2001,RAJSAMAND
19,42,RAJASTHAN,2001,"SAWAI MADHOPUR"
13,22,RAJASTHAN,2001,SIKAR
22,19,RAJASTHAN,2001,SIROHI
17,50,RAJASTHAN,2001,TONK
43,118,RAJASTHAN,2001,UDAIPUR
1049,2165,RAJASTHAN,2001,TOTAL
7,1,SIKKIM,2001,EAST
0,0,SIKKIM,2001,NORTH
1,0,SIKKIM,2001,SOUTH
0,1,SIKKIM,2001,WEST
8,2,SIKKIM,2001,TOTAL
6,14,"TAMIL NADU",2001,ARIYALUR
20,8,"TAMIL NADU",2001,CHENGAI
28,0,"TAMIL NADU",2001,CHENNAI
0,0,"TAMIL NADU",2001,"CHENNAI RLY."
18,27,"TAMIL NADU",2001,"COIMBATORE RURAL"
4,10,"TAMIL NADU",2001,"COIMBATORE URBAN"
16,2,"TAMIL NADU",2001,CUDDALORE
17,30,"TAMIL NADU",2001,DHARMAPURI
14,35,"TAMIL NADU",2001,DINDIGUL
9,14,"TAMIL NADU",2001,ERODE
21,9,"TAMIL NADU",2001,KANCHIPURAM
6,9,"TAMIL NADU",2001,KANYAKUMARI
4,8,"TAMIL NADU",2001,KARUR
13,23,"TAMIL NADU",2001,"MADURAI RURAL"
2,18,"TAMIL NADU",2001,"MADURAI URBAN"
12,25,"TAMIL NADU",2001,NAGAPATTINAM
7,16,"TAMIL NADU",2001,NAMAKKAL
8,5,"TAMIL NADU",2001,NILGIRIS
3,11,"TAMIL NADU",2001,PERAMBALUR
5,24,"TAMIL NADU",2001,PUDUKOTTAI
13,17,"TAMIL NADU",2001,RAMNATHAPURAM
8,29,"TAMIL NADU",2001,"SALEM RURAL"
2,10,"TAMIL NADU",2001,"SALEM URBAN"
5,10,"TAMIL NADU",2001,SIVAGANGAI
0,34,"TAMIL NADU",2001,THANJAVUR
4,7,"TAMIL NADU",2001,THENI
57,53,"TAMIL NADU",2001,"THIRUNELVELI RURAL"
3,10,"TAMIL NADU",2001,"THIRUNELVELI URBAN"
16,11,"TAMIL NADU",2001,THIRUVALLUR
5,33,"TAMIL NADU",2001,THIRUVANNAMALAI
7,26,"TAMIL NADU",2001,THIRUVARUR
12,0,"TAMIL NADU",2001,THOOTHUGUDI
0,0,"TAMIL NADU",2001,"TRICHY RLY."
6,17,"TAMIL NADU",2001,"TRICHY RURAL"
5,6,"TAMIL NADU",2001,"TRICHY URBAN"
13,0,"TAMIL NADU",2001,VELLORE
37,37,"TAMIL NADU",2001,VILLUPURAM
17,19,"TAMIL NADU",2001,VIRUDHUNAGAR
423,607,"TAMIL NADU",2001,TOTAL
11,0,TRIPURA,2001,DHALAI
29,11,TRIPURA,2001,NORTH
29,7,TRIPURA,2001,SOUTH
33,17,TRIPURA,2001,WEST
102,35,TRIPURA,2001,TOTAL
66,132,"UTTAR PRADESH",2001,AGRA
50,78,"UTTAR PRADESH",2001,ALIGARH
42,75,"UTTAR PRADESH",2001,ALLAHABAD
19,29,"UTTAR PRADESH",2001,"AMBEDKAR NAGAR"
11,25,"UTTAR PRADESH",2001,AURAIYA
11,41,"UTTAR PRADESH",2001,AZAMGARH
47,41,"UTTAR PRADESH",2001,BADAUN
15,17,"UTTAR PRADESH",2001,BAGHPAT
14,19,"UTTAR PRADESH",2001,BAHRAICH
18,17,"UTTAR PRADESH",2001,BALLIA
8,19,"UTTAR PRADESH",2001,BALRAMPUR
27,18,"UTTAR PRADESH",2001,BANDA
41,55,"UTTAR PRADESH",2001,BARABANKI
93,98,"UTTAR PRADESH",2001,BAREILLY
18,23,"UTTAR PRADESH",2001,BASTI
38,59,"UTTAR PRADESH",2001,BIJNOR
31,64,"UTTAR PRADESH",2001,BULANDSHAHAR
4,11,"UTTAR PRADESH",2001,CHANDOLI
8,3,"UTTAR PRADESH",2001,"CHITRAKOOT DHAM"
7,33,"UTTAR PRADESH",2001,DEORIA
57,59,"UTTAR PRADESH",2001,ETAH
20,22,"UTTAR PRADESH",2001,ETAWAH
22,26,"UTTAR PRADESH",2001,FAIZABAD
9,38,"UTTAR PRADESH",2001,FATEHGARH
28,27,"UTTAR PRADESH",2001,FATEHPUR
22,59,"UTTAR PRADESH",2001,FIROZABAD
2,2,"UTTAR PRADESH",2001,G.R.P.
16,30,"UTTAR PRADESH",2001,"GAUTAMBUDH NAGAR"
31,79,"UTTAR PRADESH",2001,GHAZIABAD
6,19,"UTTAR PRADESH",2001,GHAZIPUR
18,21,"UTTAR PRADESH",2001,GONDA
13,52,"UTTAR PRADESH",2001,GORAKHPUR
14,16,"UTTAR PRADESH",2001,HAMIRPUR
70,60,"UTTAR PRADESH",2001,HARDOI
16,26,"UTTAR PRADESH",2001,HATHRAS
23,36,"UTTAR PRADESH",2001,J.P.NAGAR
6,14,"UTTAR PRADESH",2001,JALAUN
11,15,"UTTAR PRADESH",2001,JAUNPUR
18,20,"UTTAR PRADESH",2001,JHANSI
8,19,"UTTAR PRADESH",2001,KANNAUJ
21,34,"UTTAR PRADESH",2001,"KANPUR DEHAT"
47,176,"UTTAR PRADESH",2001,"KANPUR NAGAR"
26,23,"UTTAR PRADESH",2001,KAUSHAMBI
83,90,"UTTAR PRADESH",2001,KHIRI
7,20,"UTTAR PRADESH",2001,"KUSHI NAGAR"
20,5,"UTTAR PRADESH",2001,LALITPUR
62,138,"UTTAR PRADESH",2001,LUCKNOW
13,13,"UTTAR PRADESH",2001,MAHARAJGANJ
12,7,"UTTAR PRADESH",2001,MAHOBA
13,31,"UTTAR PRADESH",2001,MAINPURI
25,33,"UTTAR PRADESH",2001,MATHURA
17,25,"UTTAR PRADESH",2001,MAU
28,96,"UTTAR PRADESH",2001,MEERUT
16,6,"UTTAR PRADESH",2001,MIRZAPUR
44,72,"UTTAR PRADESH",2001,MORADABAD
54,67,"UTTAR PRADESH",2001,MUZAFFARNAGAR
64,47,"UTTAR PRADESH",2001,PILIBHIT
18,35,"UTTAR PRADESH",2001,PRATAPGARH
58,50,"UTTAR PRADESH",2001,RAIBAREILLY
22,27,"UTTAR PRADESH",2001,RAMPUR
41,52,"UTTAR PRADESH",2001,SAHARANPUR
9,16,"UTTAR PRADESH",2001,"SANT KABIRNAGAR"
55,68,"UTTAR PRADESH",2001,SHAHJAHANPUR
13,18,"UTTAR PRADESH",2001,SHRAWASTI
12,24,"UTTAR PRADESH",2001,SIDHARTHNAGAR
85,47,"UTTAR PRADESH",2001,SITAPUR
5,6,"UTTAR PRADESH",2001,SONBHADRA
1,7,"UTTAR PRADESH",2001,ST.RAVIDASNAGAR
29,35,"UTTAR PRADESH",2001,SULTANPUR
53,79,"UTTAR PRADESH",2001,UNNAO
27,35,"UTTAR PRADESH",2001,VARANASI
1958,2879,"UTTAR PRADESH",2001,TOTAL
4,1,UTTARAKHAND,2001,ALMORA
1,4,UTTARAKHAND,2001,BAGESHWAR
3,3,UTTARAKHAND,2001,CHAMOLI
0,3,UTTARAKHAND,2001,CHAMPAWAT
12,48,UTTARAKHAND,2001,DEHRADUN
13,23,UTTARAKHAND,2001,HARIDWAR
5,0,UTTARAKHAND,2001,NAINITAL
7,7,UTTARAKHAND,2001,"PAURI GARHWAL"
7,0,UTTARAKHAND,2001,PITHORAGARH
2,0,UTTARAKHAND,2001,"RUDRA PRAYAG"
2,5,UTTARAKHAND,2001,"TEHRI GARHWAL"
10,29,UTTARAKHAND,2001,"UDHAMSINGH NAGAR"
8,3,UTTARAKHAND,2001,UTTARKASHI
74,126,UTTARAKHAND,2001,TOTAL
53,63,"WEST BENGAL",2001,"24 PARGANAS NORTH"
47,52,"WEST BENGAL",2001,"24 PARGANAS SOUTH"
0,0,"WEST BENGAL",2001,ASANSOL
26,5,"WEST BENGAL",2001,BANKURA
43,28,"WEST BENGAL",2001,BIRBHUM
46,32,"WEST BENGAL",2001,BURDWAN
36,41,"WEST BENGAL",2001,COOCHBEHAR
10,28,"WEST BENGAL",2001,"DAKSHIN DINAJPUR"
20,20,"WEST BENGAL",2001,DARJEELING
29,38,"WEST BENGAL",2001,HOOGHLY
2,5,"WEST BENGAL",2001,HOWRAH
7,10,"WEST BENGAL",2001,"HOWRAH CITY"
1,4,"WEST BENGAL",2001,"HOWRAH G.R.P."
54,24,"WEST BENGAL",2001,JALPAIGURI
19,78,"WEST BENGAL",2001,KOLKATA
40,23,"WEST BENGAL",2001,MALDA
84,74,"WEST BENGAL",2001,MIDNAPUR
66,46,"WEST BENGAL",2001,MURSHIDABAD
71,90,"WEST BENGAL",2001,NADIA
23,15,"WEST BENGAL",2001,PURULIA
1,1,"WEST BENGAL",2001,"SEALDAH G.R.P."
0,0,"WEST BENGAL",2001,"SILIGURI G.R.P."
31,18,"WEST BENGAL",2001,"UTTAR DINAJPUR"
709,695,"WEST BENGAL",2001,TOTAL
3,2,"A & N ISLANDS",2001,ANDAMAN
0,0,"A & N ISLANDS",2001,NICOBAR
3,2,"A & N ISLANDS",2001,TOTAL
18,50,CHANDIGARH,2001,CHANDIGARH
18,50,CHANDIGARH,2001,TOTAL
6,2,"D & N HAVELI",2001,"D and N HAVELI"
6,2,"D & N HAVELI",2001,TOTAL
0,3,"DAMAN & DIU",2001,DAMAN
0,0,"DAMAN & DIU",2001,DIU
0,3,"DAMAN & DIU",2001,TOTAL
28,42,DELHI,2001,CENTRAL
381,964,DELHI,2001,"DELHI UT TOTAL"
24,39,DELHI,2001,EAST
1,7,DELHI,2001,G.R.P.(RLY)
0,1,DELHI,2001,"I.G.I. AIRPORT"
9,19,DELHI,2001,"NEW DELHI"
28,53,DELHI,2001,NORTH
36,123,DELHI,2001,"NORTH EAST"
103,298,DELHI,2001,"NORTH WEST"
0,0,DELHI,2001,S.T.F.
65,170,DELHI,2001,SOUTH
42,113,DELHI,2001,"SOUTH WEST"
45,99,DELHI,2001,WEST
0,0,LAKSHADWEEP,2001,LAKSHADWEEP
0,0,LAKSHADWEEP,2001,TOTAL
9,3,PUDUCHERRY,2001,PONDICHERRY
9,3,PUDUCHERRY,2001,TOTAL
37,32,"ANDHRA PRADESH",2002,ADILABAD
28,49,"ANDHRA PRADESH",2002,ANANTAPUR
28,39,"ANDHRA PRADESH",2002,CHITTOOR
16,22,"ANDHRA PRADESH",2002,CUDDAPAH
25,5,"ANDHRA PRADESH",2002,"EAST GODAVARI"
1,0,"ANDHRA PRADESH",2002,"GUNTAKAL RLY."
46,71,"ANDHRA PRADESH",2002,GUNTUR
57,61,"ANDHRA PRADESH",2002,"HYDERABAD CITY"
99,42,"ANDHRA PRADESH",2002,KARIMNAGAR
48,55,"ANDHRA PRADESH",2002,KHAMMAM
41,21,"ANDHRA PRADESH",2002,KRISHNA
45,24,"ANDHRA PRADESH",2002,KURNOOL
85,36,"ANDHRA PRADESH",2002,MAHABOOBNAGAR
68,38,"ANDHRA PRADESH",2002,MEDAK
41,37,"ANDHRA PRADESH",2002,NALGONDA
46,54,"ANDHRA PRADESH",2002,NELLORE
35,21,"ANDHRA PRADESH",2002,NIZAMABAD
21,25,"ANDHRA PRADESH",2002,PRAKASHAM
49,70,"ANDHRA PRADESH",2002,"RANGA REDDY"
0,0,"ANDHRA PRADESH",2002,"SECUNDERABAD RLY."
14,9,"ANDHRA PRADESH",2002,SRIKAKULAM
31,43,"ANDHRA PRADESH",2002,VIJAYAWADA
1,0,"ANDHRA PRADESH",2002,"VIJAYAWADA RLY."
14,0,"ANDHRA PRADESH",2002,"VISAKHA RURAL"
8,10,"ANDHRA PRADESH",2002,VISAKHAPATNAM
12,0,"ANDHRA PRADESH",2002,VIZIANAGARAM
52,58,"ANDHRA PRADESH",2002,WARANGAL
54,32,"ANDHRA PRADESH",2002,"WEST GODAVARI"
1002,854,"ANDHRA PRADESH",2002,TOTAL
3,2,"ARUNACHAL PRADESH",2002,CHANGLANG
5,5,"ARUNACHAL PRADESH",2002,"DIBANG VALLEY"
1,3,"ARUNACHAL PRADESH",2002,"KAMENG EAST"
0,1,"ARUNACHAL PRADESH",2002,"KAMENG WEST"
3,3,"ARUNACHAL PRADESH",2002,LOHIT
3,6,"ARUNACHAL PRADESH",2002,"PAPUM PARE"
11,8,"ARUNACHAL PRADESH",2002,"SIANG EAST"
3,0,"ARUNACHAL PRADESH",2002,"SIANG UPPER"
4,6,"ARUNACHAL PRADESH",2002,"SIANG WEST"
1,3,"ARUNACHAL PRADESH",2002,"SUBANSIRI LOWER"
2,1,"ARUNACHAL PRADESH",2002,"SUBANSIRI UPPER"
1,0,"ARUNACHAL PRADESH",2002,TAWANG
1,0,"ARUNACHAL PRADESH",2002,TIRAP
38,38,"ARUNACHAL PRADESH",2002,TOTAL
55,59,ASSAM,2002,BARPETA
21,40,ASSAM,2002,BONGAIGAON
0,2,ASSAM,2002,C.I.D.
71,80,ASSAM,2002,CACHAR
33,41,ASSAM,2002,DARRANG
48,25,ASSAM,2002,DHEMAJI
46,51,ASSAM,2002,DHUBRI
45,58,ASSAM,2002,DIBRUGARH
0,0,ASSAM,2002,G.R.P.
40,29,ASSAM,2002,GOALPARA
42,60,ASSAM,2002,GOLAGHAT
60,144,ASSAM,2002,"GUWAHATI CITY"
24,42,ASSAM,2002,HAILAKANDI
36,32,ASSAM,2002,JORHAT
41,104,ASSAM,2002,KAMRUP
5,9,ASSAM,2002,"KARBI ANGLONG"
23,7,ASSAM,2002,KARIMGANJ
15,18,ASSAM,2002,KOKRAJHAR
69,74,ASSAM,2002,LAKHIMPUR
40,34,ASSAM,2002,MORIGAON
2,6,ASSAM,2002,N.C.HILLS
61,124,ASSAM,2002,NAGAON
27,31,ASSAM,2002,NALBARI
1,1,ASSAM,2002,R.P.O.
57,57,ASSAM,2002,SIBSAGAR
67,109,ASSAM,2002,SONITPUR
41,39,ASSAM,2002,TINSUKIA
970,1276,ASSAM,2002,TOTAL
101,79,BIHAR,2002,ARARIA
0,0,BIHAR,2002,ARWAL
12,3,BIHAR,2002,AURANGABAD
23,3,BIHAR,2002,BAGAHA
27,9,BIHAR,2002,BANKA
20,15,BIHAR,2002,BEGUSARAI
55,10,BIHAR,2002,BETTIAH
17,7,BIHAR,2002,BHABHUA
40,51,BIHAR,2002,BHAGALPUR
17,17,BIHAR,2002,BHOJPUR
17,0,BIHAR,2002,BUXAR
52,31,BIHAR,2002,DARBHANGA
31,18,BIHAR,2002,GAYA
16,16,BIHAR,2002,GOPALGANJ
0,1,BIHAR,2002,"JAMALPUR RLY."
15,13,BIHAR,2002,JAMUI
7,9,BIHAR,2002,JEHANABAD
77,69,BIHAR,2002,KATIHAR
2,1,BIHAR,2002,"KATIHAR RLY."
15,14,BIHAR,2002,KHAGARIA
20,26,BIHAR,2002,KISHANGANJ
2,6,BIHAR,2002,LAKHISARAI
10,7,BIHAR,2002,MADHEPURA
31,15,BIHAR,2002,MADHUBANI
41,37,BIHAR,2002,MOTIHARI
11,27,BIHAR,2002,MUNGER
60,22,BIHAR,2002,MUZAFFARPUR
2,3,BIHAR,2002,"MUZAFFARPUR RLY."
32,22,BIHAR,2002,NALANDA
11,6,BIHAR,2002,NAUGACHIA
34,8,BIHAR,2002,NAWADAH
37,36,BIHAR,2002,PATNA
2,0,BIHAR,2002,"PATNA RLY."
46,17,BIHAR,2002,PURNEA
15,10,BIHAR,2002,ROHTAS
11,10,BIHAR,2002,SAHARSA
22,21,BIHAR,2002,SAMASTIPUR
12,10,BIHAR,2002,SARAN
6,0,BIHAR,2002,SHEIKHPURA
14,6,BIHAR,2002,SHEOHAR
31,22,BIHAR,2002,SITAMARHI
8,26,BIHAR,2002,SIWAN
22,0,BIHAR,2002,SUPAUL
16,41,BIHAR,2002,VAISHALI
1040,744,BIHAR,2002,TOTAL
30,2,CHHATTISGARH,2002,BALRAMPUR
72,15,CHHATTISGARH,2002,BILASPUR
7,2,CHHATTISGARH,2002,BIZAPUR
9,4,CHHATTISGARH,2002,DANTEWARA
26,0,CHHATTISGARH,2002,DHAMTARI
132,23,CHHATTISGARH,2002,DURG
5,0,CHHATTISGARH,2002,"GRP RAIPUR"
46,16,CHHATTISGARH,2002,JAGDALPUR
42,6,CHHATTISGARH,2002,JANJGIR
35,0,CHHATTISGARH,2002,JASHPUR
20,0,CHHATTISGARH,2002,KABIRDHAM
37,6,CHHATTISGARH,2002,KANKER
38,3,CHHATTISGARH,2002,KORBA
58,6,CHHATTISGARH,2002,KORIYA
33,5,CHHATTISGARH,2002,MAHASAMUND
39,5,CHHATTISGARH,2002,RAIGARH
159,35,CHHATTISGARH,2002,RAIPUR
62,7,CHHATTISGARH,2002,RAJNANDGAON
142,19,CHHATTISGARH,2002,SARGUJA
992,154,CHHATTISGARH,2002,TOTAL
9,3,GOA,2002,"NORTH GOA"
3,2,GOA,2002,"SOUTH GOA"
12,5,GOA,2002,TOTAL
12,92,GUJARAT,2002,"AHMEDABAD COMMR."
7,11,GUJARAT,2002,"AHMEDABAD RURAL"
4,1,GUJARAT,2002,AHWA-DANG
4,23,GUJARAT,2002,AMRELI
8,33,GUJARAT,2002,ANAND
7,23,GUJARAT,2002,BHARUCH
9,39,GUJARAT,2002,BHAVNAGAR
14,9,GUJARAT,2002,DAHOD
7,19,GUJARAT,2002,GANDHINAGAR
11,37,GUJARAT,2002,HIMATNAGAR
25,30,GUJARAT,2002,JAMNAGAR
10,41,GUJARAT,2002,JUNAGADH
9,29,GUJARAT,2002,"KHEDA NORTH"
3,35,GUJARAT,2002,KUTCH
13,36,GUJARAT,2002,MEHSANA
7,2,GUJARAT,2002,NARMADA
5,11,GUJARAT,2002,NAVSARI
16,39,GUJARAT,2002,PALANPUR
4,22,GUJARAT,2002,PANCHMAHAL
3,28,GUJARAT,2002,PATAN
4,8,GUJARAT,2002,PORBANDAR
6,29,GUJARAT,2002,"RAJKOT COMMR."
15,37,GUJARAT,2002,"RAJKOT RURAL"
18,36,GUJARAT,2002,"SURAT COMMR."
10,15,GUJARAT,2002,"SURAT RURAL"
13,29,GUJARAT,2002,SURENDRANAGAR
5,28,GUJARAT,2002,"VADODARA COMMR."
12,42,GUJARAT,2002,"VADODARA RURAL"
3,16,GUJARAT,2002,VALSAD
3,7,GUJARAT,2002,W.RLY
267,807,GUJARAT,2002,TOTAL
15,18,HARYANA,2002,AMBALA
17,13,HARYANA,2002,BHIWANI
37,39,HARYANA,2002,FARIDABAD
7,15,HARYANA,2002,FATEHABAD
1,0,HARYANA,2002,GRP
27,36,HARYANA,2002,GURGAON
15,21,HARYANA,2002,HISSAR
18,12,HARYANA,2002,JHAJJAR
19,9,HARYANA,2002,JIND
7,4,HARYANA,2002,KAITHAL
37,8,HARYANA,2002,KARNAL
15,14,HARYANA,2002,KURUKSHETRA
16,9,HARYANA,2002,MAHENDRAGARH
13,17,HARYANA,2002,PANCHKULA
43,21,HARYANA,2002,PANIPAT
10,7,HARYANA,2002,REWARI
17,10,HARYANA,2002,ROHTAK
20,3,HARYANA,2002,SIRSA
14,16,HARYANA,2002,SONIPAT
13,18,HARYANA,2002,YAMUNANAGAR
361,290,HARYANA,2002,TOTAL
9,3,"HIMACHAL PRADESH",2002,BILASPUR
16,10,"HIMACHAL PRADESH",2002,CHAMBA
0,0,"HIMACHAL PRADESH",2002,G.R.P.
3,14,"HIMACHAL PRADESH",2002,HAMIRPUR
14,17,"HIMACHAL PRADESH",2002,KANGRA
4,3,"HIMACHAL PRADESH",2002,KINNAUR
14,11,"HIMACHAL PRADESH",2002,KULLU
0,0,"HIMACHAL PRADESH",2002,LAHAUL-SPITI
24,8,"HIMACHAL PRADESH",2002,MANDI
27,18,"HIMACHAL PRADESH",2002,SHIMLA
11,10,"HIMACHAL PRADESH",2002,SIRMAUR
9,16,"HIMACHAL PRADESH",2002,SOLAN
6,6,"HIMACHAL PRADESH",2002,UNA
137,116,"HIMACHAL PRADESH",2002,TOTAL
16,58,"JAMMU & KASHMIR",2002,ANANTNAG
1,15,"JAMMU & KASHMIR",2002,AWANTIPORA
14,78,"JAMMU & KASHMIR",2002,BARAMULLA
5,13,"JAMMU & KASHMIR",2002,BORDER
12,33,"JAMMU & KASHMIR",2002,BUDGAM
0,0,"JAMMU & KASHMIR",2002,"CRIME JAMMU"
0,0,"JAMMU & KASHMIR",2002,"CRIME SRINAGAR"
15,19,"JAMMU & KASHMIR",2002,DODA
7,39,"JAMMU & KASHMIR",2002,GANDERBAL
0,15,"JAMMU & KASHMIR",2002,HANDWARA
7,56,"JAMMU & KASHMIR",2002,JAMMU
1,2,"JAMMU & KASHMIR",2002,KARGIL
11,13,"JAMMU & KASHMIR",2002,KATHUA
7,39,"JAMMU & KASHMIR",2002,KULGAM
5,24,"JAMMU & KASHMIR",2002,KUPWARA
3,1,"JAMMU & KASHMIR",2002,LEH
9,7,"JAMMU & KASHMIR",2002,POONCH
12,41,"JAMMU & KASHMIR",2002,PULWAMA
0,0,"JAMMU & KASHMIR",2002,RAILWAYS
13,13,"JAMMU & KASHMIR",2002,RAJOURI
7,6,"JAMMU & KASHMIR",2002,RAMBAN
8,11,"JAMMU & KASHMIR",2002,REASI
24,106,"JAMMU & KASHMIR",2002,SRINAGAR
15,7,"JAMMU & KASHMIR",2002,UDHAMPUR
192,596,"JAMMU & KASHMIR",2002,TOTAL
48,26,JHARKHAND,2002,BOKARO
37,9,JHARKHAND,2002,CHAIBASA
18,1,JHARKHAND,2002,CHATRA
37,2,JHARKHAND,2002,DEOGHAR
38,25,JHARKHAND,2002,DHANBAD
2,1,JHARKHAND,2002,"DHANBAD RLY."
50,3,JHARKHAND,2002,DUMKA
32,2,JHARKHAND,2002,GARHWA
39,8,JHARKHAND,2002,GIRIDIH
86,6,JHARKHAND,2002,GODDA
31,8,JHARKHAND,2002,GUMLA
71,18,JHARKHAND,2002,HAZARIBAGH
76,18,JHARKHAND,2002,JAMSHEDPUR
1,1,JHARKHAND,2002,"JAMSHEDPUR RLY."
25,2,JHARKHAND,2002,JAMTARA
6,4,JHARKHAND,2002,KODERMA
12,2,JHARKHAND,2002,LATEHAR
14,1,JHARKHAND,2002,LOHARDAGGA
37,1,JHARKHAND,2002,PAKUR
14,8,JHARKHAND,2002,PALAMU
55,22,JHARKHAND,2002,RANCHI
26,5,JHARKHAND,2002,SAHEBGANJ
26,4,JHARKHAND,2002,SARAIKELA
16,1,JHARKHAND,2002,SIMDEGA
797,178,JHARKHAND,2002,TOTAL
4,7,KARNATAKA,2002,BAGALKOT
32,58,KARNATAKA,2002,"BANGALORE COMMR."
22,0,KARNATAKA,2002,"BANGALORE RURAL"
6,16,KARNATAKA,2002,BELGAUM
11,8,KARNATAKA,2002,BELLARY
8,13,KARNATAKA,2002,BIDAR
3,24,KARNATAKA,2002,BIJAPUR
4,3,KARNATAKA,2002,CHAMARAJNAGAR
18,9,KARNATAKA,2002,CHICKMAGALUR
12,4,KARNATAKA,2002,CHITRADURGA
9,0,KARNATAKA,2002,"DAKSHIN KANNADA"
14,15,KARNATAKA,2002,DAVANAGERE
1,7,KARNATAKA,2002,"DHARWAD COMMR."
0,0,KARNATAKA,2002,"DHARWAD RURAL"
3,3,KARNATAKA,2002,GADAG
24,32,KARNATAKA,2002,GULBARGA
11,0,KARNATAKA,2002,HASSAN
2,7,KARNATAKA,2002,HAVERI
6,0,KARNATAKA,2002,K.G.F.
4,1,KARNATAKA,2002,KODAGU
18,12,KARNATAKA,2002,KOLAR
6,26,KARNATAKA,2002,KOPPAL
30,0,KARNATAKA,2002,MANDYA
7,5,KARNATAKA,2002,"MYSORE COMMR."
5,7,KARNATAKA,2002,"MYSORE RURAL"
6,16,KARNATAKA,2002,RAICHUR
0,0,KARNATAKA,2002,RAILWAYS
11,12,KARNATAKA,2002,SHIMOGA
9,10,KARNATAKA,2002,TUMKUR
